<catalog><product><id>1</id><name>Laptop</name><price>899.99</price><description>High-performance laptop with SSD storage</description></product><product><id>1</id><name>Laptop</name><price>999.99</price><description>High-performance laptop with SSD storage</description></product><product><id>2</id><name>Smartphone</name><price>499.99</price><description>5G-enabled smartphone with dual-camera setup</description></product><product><id>1</id><name>Laptop</name><price>999.99</price><description>High-performance laptop with SSD storage</description></product><product><id>2</id><name>Smartphone</name><price>499.99</price><description>5G-enabled smartphone with dual-camera setup</description></product><product><id>1</id><name>Laptop</name><price>999.99</price><description>High-performance laptop with SSD storage</description></product><product><id>2</id><name>Smartphone</name><price>499.99</price><description>5G-enabled smartphone with dual-camera setup</description></product><product><id>1</id><name>Laptop</name><price>999.99</price><description>High-performance laptop with SSD storage</description></product><product><id>2</id><name>Smartphone</name><price>499.99</price><description>5G-enabled smartphone with dual-camera setup</description></product><product><id>1</id><name>Laptop</name><price>999.99</price><description>High-performance laptop with SSD storage</description></product><product><id>2</id><name>Smartphone</name><price>499.99</price><description>5G-enabled smartphone with dual-camera setup</description></product></catalog>